epoch,accuracy,learning_rate,loss,val_accuracy,val_loss
0,0.20528560876846313,0.0010000000474974513,2.0496935844421387,0.2508273720741272,1.8139351606369019
1,0.2306252121925354,0.0010000000474974513,1.8439918756484985,0.2607559561729431,1.7857462167739868
